id,name,network,program_type,region_tags,location,focus,stage_tags,capital_tags,funding_support,equity_terms,format,attendance_tags,status_tags,application_status,deadline,website,application_url,source_urls,last_verified,research_confidence,editorial_score,reported_amount,reported_currency,amount_basis
1517-medici-project-e7c81d14,1517 Medici Project,1517 Fund,Accelerator,North America | Global,Global,Software / deep tech / hardware / robotics / science / unconventional projects,Pre-company | Pre-seed,Grant / stipend,Minimum US$1K no-strings-attached stipend; potential later 1517 venture investment if project becomes startup,"0% equity, no IP rights on Medici grant",Grant + support,Varies by program,Rolling,Open / rolling via direct outreach,Rolling,https://www.1517fund.com/medici,https://www.1517fund.com/medici,https://www.1517fund.com/medici,2026-09-06,High,59,1000,USD,Published initial amount / range minimum
500-global-flagship-accelerator-91e38502,500 Global Flagship Accelerator,500 Global,Accelerator,North America | Global,Global / Silicon Valley,Industry-agnostic,Pre-seed | Seed,Investment,US$150K investment,"6% equity, subject to terms and diligence",Cohort-based,In person,Open,Applications active by batch,Batch-specific; application portal currently active,https://500.co/,https://flagship.aplica.500.co/,https://500.co/founders/flagship,2026-09-06,High,81,150000,USD,Published initial amount / range minimum
a16z-build-community-dee5d245,a16z Build Community,Andreessen Horowitz,Founder Community,North America | Global,Primarily SF & NYC; can be based anywhere,"Founders, early operators, emerging AI-native crafts",Pre-company | Pre-seed,Credits / services,"No guaranteed capital; network, private dinners/retreats, hiring and fellowships",No published equity or fee for Build community,VC founder/operator community + fellowships,Remote,Open,Open / application available,Ongoing; fellowships cohort-specific,https://build.a16z.com/,https://build.a16z.com/,https://build.a16z.com/community,2026-09-06,High,80,,,Not disclosed
a16z-speedrun-479443a0,a16z speedrun,Andreessen Horowitz,Founder Program / Other,North America | Global,"San Francisco, US",AI / games / consumer / frontier tech,Pre-seed | Seed,Investment,Up to US$1M,$500K for 10% + up to $500K next round,In-person cohort,In person,Rolling,Year-round; priority window upcoming,"Oct 12–Nov 1, 2026 priority window",https://speedrun.a16z.com/,https://speedrun.a16z.com/,https://speedrun.a16z.com/apply,2026-09-06,High,99,500000,USD,Published initial cash; excludes conditional follow-on and non-cash benefits
accelerating-asia-flagship-accelerator-1ee0368e,Accelerating Asia Flagship Accelerator,Accelerating Asia Ventures,Accelerator,Asia,Singapore / Southeast Asia,Industry-agnostic,Pre-seed | Seed,Investment,Investment through fund/program,Terms recheck,Hybrid,In person,Open,Open,Cohort 14; starts Oct 2026,https://www.acceleratingasia.com/,https://www.acceleratingasia.com/,https://www.acceleratingasia.com/getfunded,2026-09-06,High,55,,,Not disclosed
activate-fellowship-91ca80ae,Activate Fellowship,Activate,Founder / Talent Fellowship,North America,US,Hard tech / science,Pre-company | Pre-seed,Grant / stipend,Living stipend + R&D support,No equity taken by fellowship,Fellowship,Varies by program,Upcoming,Opening soon,"Sep 15, 2026 opens for 2027",https://activate.org/,https://activate.org/apply,https://activate.org/apply,2026-09-06,High,86,,,Not disclosed
afore-founders-in-residence-b6d38c81,Afore Founders in Residence,Afore Capital,Founder Residency,North America | Global,"San Francisco, US",Technical builders / industry-agnostic,Pre-company | Pre-seed,Investment,At least US$100K; flexible,Terms vary,In-person residency,Varies by program,Rolling,Open year-round,Fall 2026 Oct 1; Spring 2027 Feb 1,https://www.afore.vc/residence,https://www.afore.vc/residence,https://www.afore.vc/residence,2026-09-06,High,99,100000,USD,Published initial amount / range minimum
alchemist-accelerator-7e508292,Alchemist Accelerator,Alchemist,B2B / Enterprise Accelerator,North America,"San Francisco, US",B2B / enterprise,Pre-seed | Seed,Investment,Investment offset covers tuition; exact cash amount varies by offer,Most companies grant ~5% common equity; flexible single-digit equity. Alchemist may request minority follow-on co-investment rights.,Hybrid,Hybrid,Rolling,Rolling deadlines,Rolling application deadlines; next listed class timing should be checked on homepage,https://www.alchemistaccelerator.com/,https://www.alchemistaccelerator.com/programs,https://www.alchemistaccelerator.com/flagship-program,2026-09-06,High,79,,,Not disclosed
alchemist-chicago-f01f1850,Alchemist Chicago,Alchemist,Accelerator,North America,"Chicago, US",Deep tech,Pre-seed | Seed,Investment,US$50K SAFE for finalists,~4% anticipated for advancing companies; flexible terms,In-person / hybrid,Varies by program,Closed,Closed,"Aug 20, 2026",https://www.alchemistaccelerator.com/alchemist-chicago,https://www.alchemistaccelerator.com/alchemist-chicago,https://www.alchemistaccelerator.com/alchemist-chicago,2026-09-06,High,54,50000,USD,Published initial amount / range minimum
alliance-dao-accelerator-017a8abe,Alliance DAO Accelerator,Alliance DAO,Crypto & AI Accelerator,Global,Remote / global,Crypto / web3,Pre-seed | Seed,Investment,US$500K to all admitted startups + 90+ perks/deals,$500K at $5M post-money via SAFE + 1:1.25 token side letter,Remote / cohort,Hybrid,Rolling,Cohort-based / year-round application review,Recheck,https://alliance.xyz/,https://alliance.xyz/apply,https://alliance.xyz/,2026-09-06,High,49,500000,USD,Published initial amount / range minimum
antler-australia-912f5cbb,Antler Australia,Antler,Founder Residency / Inception VC,Oceania,Sydney / Melbourne / Brisbane,Industry-agnostic,Pre-seed,Conditional funding,Current 2026 Antler Australia materials describe A$260K investment for backed companies,Varies,Residency,In person,Open,Open / cohort-based,"Next listed start Feb 8, 2027",https://www.antler.co/,https://www.antler.co/apply,https://www.antler.co/location/australia,2026-09-06,High,55,260000,AUD,Published initial amount / range minimum
antler-continental-europe-7a49512f,Antler Continental Europe,Antler,Founder Residency / Inception VC,Europe,Amsterdam / Berlin,Industry-agnostic,Pre-seed,Conditional funding,€500K commitment at inception for companies Antler decides to back,"Current Europe page states €500K typically converts into ~10% at €5M valuation; €200K wired immediately at inception, with remainder structured/follow-on per current terms.",Residency,In person,Open,Open,"Start Sep 14, 2026 for Continental Europe",https://www.antler.co/,https://www.antler.co/apply,https://www.antler.co/continental-europe,2026-09-06,High,55,500000,EUR,Published initial amount / range minimum
antler-singapore-2f3bd4a5,Antler Singapore,Antler,Founder Residency,Asia,Singapore,Industry-agnostic,Pre-seed,Investment,US$150K first ticket; up to US$400K inception,Terms via Antler Singapore offer,In-person residency,Varies by program,Open,Open,"Starts Oct 5, 2026",https://www.antler.co/location/singapore,https://www.antler.co/location/singapore,https://www.antler.co/location/singapore,2026-09-06,High,55,150000,USD,Published initial amount / range minimum
antler-uae-saudi-arabia-d21b0d0c,Antler UAE / Saudi Arabia,Antler,Founder Residency / Inception VC,Middle East,Dubai / Riyadh,Industry-agnostic,Pre-seed,Conditional funding,$180K initial investment for selected teams + potential additional $320K uncapped follow-on,$180K SAFE for 11% equity; additional $320K uncapped follow-on opportunity.,Residency,In person,Open,Open,"Next MENAP start Oct 11, 2026",https://www.antler.co/,https://www.antler.co/apply,https://www.antler.co/residency/united-arab-emirates,2026-09-06,High,57,180000,USD,Published initial amount / range minimum
antler-uk-feb237b9,Antler UK,Antler,Founder Residency / Inception VC,Europe,"London, UK",Industry-agnostic,Pre-seed,Conditional funding,£210K at inception if invested + up to £330K ARC follow-on commitment; up to £500K total commitment,£125K for 8.5% equity + £85K MFN convertible note; £40K service fee deducted from initial funding. ARC can add £165K/£330K depending on qualifying round size.,Residency,In person,Open,Open,"Next residency starts Sep 22, 2026",https://www.antler.co/,https://www.antler.co/apply,https://www.antler.co/location/uk,2026-09-06,High,55,210000,GBP,Published initial amount / range minimum
antler-united-states-855fe9ba,Antler United States,Antler,Founder Residency / Inception VC,North America,SF / Austin / NYC,Industry-agnostic,Pre-seed,Conditional funding,Typically $500K–$1M initial commitment + ~$650K partner credits for companies Antler backs,Current US page does not publish a single fixed 2026 equity percentage for the typical $500K–$1M commitment; exact investment terms are deal-specific/publicly undisclosed on current location page.,Rolling,In person,Rolling,Open / rolling,Rolling intake,https://www.antler.co/,https://www.antler.co/apply,https://www.antler.co/location/us,2026-09-06,High,84,500000,USD,Published initial amount / range minimum
apple-entrepreneur-camp-870a8f8e,Apple Entrepreneur Camp,Apple,Big Tech Founder / Developer Camp,Global,Cupertino / virtual,App / developer ecosystem,Pre-seed | Seed | Series A | Growth,Credits / services,"Code-level guidance, Apple engineers/experts, alumni network; no cash investment published",0% equity,Cohort / lab,Varies by program,To confirm,No 2026 application window verified on Apple Developer as of 2026-09-06,Last public Apple Developer application announcement found: 2024; next intake not published,https://developer.apple.com/entrepreneur-camp/,https://developer.apple.com/entrepreneur-camp/,https://developer.apple.com/news/?id=49500drc,2026-09-06,High,49,,,Not disclosed
appworks-accelerator-44cb960a,AppWorks Accelerator,AppWorks,Founder Community / Accelerator,Asia,Taiwan / Greater Southeast Asia,AI / web3 / tech,Pre-seed | Seed,Conditional funding,Free accelerator; AppWorks fund may invest separately based on company needs/fit,0% accelerator equity; no rent/service fee; no token/options/revenue/profit-sharing compensation,Cohort-based,Varies by program,Waitlist,AW#33 closed; AW#34 waitlist open,AW#34 waitlist,https://appworks.tw/accelerator/,https://appworks.tw/accelerator-faq/,https://appworks.tw/accelerator-faq/,2026-09-06,High,57,,,Not disclosed
aviva-founders-factory-fintech-investment-program-84f3b1fa,Aviva & Founders Factory Fintech Investment Program,Founders Factory,Corporate / Pilot Accelerator,Europe | Global,London & remote,Fintech,Pre-seed | Seed,Investment,£50K cash investment + 6 months operational support,Investment terms not publicly summarized on current program page,Hybrid,In person,Open,Open,Current / rolling until cohort fills,https://foundersfactory.com/accelerator/,https://foundersfactory.com/aviva/,https://foundersfactory.com/aviva/,2026-09-06,High,57,50000,GBP,Published initial amount / range minimum
aws-generative-ai-accelerator-11d89dc2,AWS Generative AI Accelerator,AWS,Big Tech AI Accelerator,Global,Global,Generative AI,Pre-seed | Seed,Credits / services,Up to US$1M AWS Promotional Credits for accepted program companies + technical/GTM support,0% program equity stated; no cash investment,Hybrid / global,Hybrid,To confirm,Current public page describes 2025 cohort; 2026 global intake not currently published,Needs next-cohort announcement,https://aws.amazon.com/startups/,https://aws.amazon.com/startups/,https://aws.amazon.com/startups/programs/generative-ai/,2026-09-06,High,51,,,Not disclosed
berkeley-skydeck-accelerator-290ef107,Berkeley SkyDeck Accelerator,Berkeley SkyDeck,Accelerator,North America,"Berkeley, US",Industry-agnostic,Pre-seed | Seed,Investment,US$210K,Investment terms via Berkeley SkyDeck Fund,In-person / hybrid,Varies by program,Closed,Closed,"Aug 21, 2026",https://skydeck.berkeley.edu/,https://skydeck.berkeley.edu/apply/,https://skydeck.berkeley.edu/apply/,2026-09-06,High,92,210000,USD,Published initial amount / range minimum
bessemer-beam-7f80c167,Bessemer Beam,Bessemer Venture Partners,Incubator,North America | Global,Remote / global,AI / deeply technical ideas,Pre-company | Pre-seed,Investment,US$10K equity-free capital + up to US$350K AWS credits,0 equity/debt; Bessemer gets right to invest 30% of next financings up to $3M on lead terms,Pre-incubator,Hybrid,Open,Open,Current applications,https://www.bvp.com/bessemer-beam,https://www.bvp.com/bessemer-beam,https://www.bvp.com/bessemer-beam,2026-09-06,High,99,10000,USD,Published initial amount / range minimum
bessemer-founders-garage-c138af4b,Bessemer Founders Garage,Bessemer Venture Partners,VC Incubator / Founder Workspace,North America,"San Francisco, US",AI,Pre-company | Pre-seed | Seed,Credits / services,Collaborative SF workspace and Bessemer early-stage support; no standard cash investment published,No public program equity terms,SF founder workspace / incubator,In person,To confirm,Nomination-only / quarterly cohorts,Quarterly,https://www.bvp.com/early-stage,https://www.bvp.com/early-stage,https://www.bvp.com/early-stage,2026-09-06,High,60,,,Not disclosed
biotools-innovator-b8973103,BioTools Innovator,MedTech Innovator,Accelerator,Global,Virtual,Life-science tools / diagnostics,Pre-seed | Seed | Series A,Investment,"Mentorship, visibility, investor/biopharma access; competition funding up to US$300K on current apply/FAQ page",No application fee; non-dilutive accelerator / competition,Virtual,In person,Waitlist,2026 closed; waitlist for 2027,"2027 applications expected to reopen in October 2026; 2026 deadline was Dec 1, 2025",https://biotoolsinnovator.org/,https://biotoolsinnovator.org/apply/,https://biotoolsinnovator.org/apply/,2026-09-06,High,57,,,Published initial cash; excludes conditional follow-on and non-cash benefits
blue-action-canada-accelerator-ef38b068,Blue Action Canada Accelerator,Founders Factory,Accelerator,North America,Canada & remote,Climate,Pre-seed | Seed,Conditional funding,Free accelerator; commercialization/customer access; C$345K+ perks. Separate investment program available.,0% equity for the accelerator program; free,Hybrid,In person,Open,Open,Current applications open,https://foundersfactory.com/accelerator/,https://foundersfactory.com/blue-action-canada-accelerator/,https://foundersfactory.com/blue-action-canada-accelerator/,2026-09-06,High,55,,,Not disclosed
brinc-accelerator-programs-678a0a5c,Brinc Accelerator Programs,Brinc,Program-specific Investment Accelerator Platform,Asia | Global,Hong Kong / global,Climate / hardware / food / web3 / emerging tech,Pre-seed | Seed,Conditional funding,Example current Climate Tech model: US$100K upfront investment from funding partner; Brinc programs vary by vertical/partner.,Program-specific. Climate Tech example: US$35K program fee due only after investment is fully disbursed + advisory share agreement; valuation typically US$2M–10M post-money.,Hybrid,Varies by program,Open,Applications open across selected programs,Rolling / program-specific,https://www.brinc.io/,https://application-form.brinc.io/,https://web.brinc.io/climate-tech-program/,2026-09-06,High,59,100000,USD,Published initial cash; excludes conditional follow-on and non-cash benefits
capital-factory-8b49afa6,Capital Factory,Capital Factory,Founder Network + VC Fund Ecosystem (not current accelerator),North America,"Texas, US",Tech / industry-agnostic,Pre-seed | Seed,Conditional funding,All Access founder network + Texas Fund direct investment pathway; current site explicitly says All Access is not an accelerator.,Terms vary,Membership / accelerator ecosystem,Varies by program,To confirm,Current All Access / Texas Fund doors active,Recheck,https://www.capitalfactory.com/,https://capitalfactory.com/all-access,https://capitalfactory.com/about; https://capitalfactory.com/all-access,2026-09-06,High,47,,,Not disclosed
cdl-ai-stream-d5179e2c,CDL AI Stream,Creative Destruction Lab,Founder Program / Other,Global,Multiple CDL sites,Artificial intelligence,Pre-seed | Seed,Credits / services,No standard investment,0% equity / no fee,Mentorship program,Varies by program,Closed,Closed,"Jul 24, 2026",https://creativedestructionlab.com/streams/ai/,https://creativedestructionlab.com/application-triage/,https://creativedestructionlab.com/application-triage/,2026-09-06,High,56,,,Not disclosed
cdl-defence-stream-4b8150c1,CDL Defence Stream,Creative Destruction Lab,Founder Program / Other,Global,Multiple CDL sites,Defense / dual-use,Pre-seed | Seed,Credits / services,No standard investment,0% equity / no fee,Mentorship,Varies by program,Closed,Closed,"Jun 15, 2026",https://creativedestructionlab.com/,https://creativedestructionlab.com/application-triage/,https://creativedestructionlab.com/application-triage/,2026-09-06,High,54,,,Not disclosed
cdl-quantum-stream-aad62356,CDL Quantum Stream,Creative Destruction Lab,Founder Program / Other,Global,Multiple CDL sites,Quantum,Pre-seed | Seed,Credits / services,No standard investment,0% equity / no fee,Mentorship + bootcamp,Varies by program,Closed,Closed,"Jun 21, 2026 special deadline",https://creativedestructionlab.com/,https://creativedestructionlab.com/application-triage/,https://creativedestructionlab.com/application-triage/,2026-09-06,High,54,,,Not disclosed
cdl-space-stream-36620ad1,CDL Space Stream,Creative Destruction Lab,Founder Program / Other,Global,Multiple CDL sites,Space,Pre-seed | Seed,Credits / services,No standard investment,0% equity / no fee,Mentorship program,Varies by program,Closed,Closed,"Jul 24, 2026",https://creativedestructionlab.com/streams/space/,https://creativedestructionlab.com/application-triage/,https://creativedestructionlab.com/application-triage/,2026-09-06,High,54,,,Not disclosed
centech-acceleration-program-63871462,Centech Acceleration Program,Centech,Accelerator,North America,"Montreal, Canada",Deeptech / medtech / edtech,Pre-seed | Seed,Credits / services,"Free accelerator, investor introductions, grant/loan support, ÉTS labs/infrastructure; no direct accelerator investment","0% equity; 100% free; no fee, deposit or IP rights requested",In-person,In person,To confirm,Interest / cohort-based,Two cohorts per year (Fall and Winter); submit interest for next cohort,https://centech.co/en/,https://centech.co/en/acceleration-program/,https://centech.co/en/centechs-faq/,2026-09-06,High,86,,,Not disclosed
creative-destruction-lab-9eaea54c,Creative Destruction Lab,CDL,Founder Program / Other,Global,17 locations / 10 countries,Science / deep tech,Pre-seed | Seed,Credits / services,No standard investment,No fee / no equity,Mentorship program,Varies by program,Closed,Closed,"Jul 24, 2026",https://creativedestructionlab.com/,https://creativedestructionlab.com/application-triage/,https://creativedestructionlab.com/application-triage/,2026-09-06,High,85,,,Not disclosed
program-a2d97454,Cyzone Star Camp / Startup Acceleration,Cyzone,Founder Training / Fundraising Camp,Asia,China-wide,Early-stage technology companies.,Pre-seed | Seed,Conditional funding,"1:1 investor/founder mentoring, fundraising practice, media exposure, industrial connections and DEMO CHINA selection channel; investment is separate",Program-specific,Startup acceleration and fundraising connections.,Varies by program,To confirm,Program brand active; current specific cohort intake not clearly published on overview page,Cohort-specific / not currently verified,https://www.cyzone.cn/,https://special.cyzone.cn/BangCamp/,https://special.cyzone.cn/BangCamp/; https://special.cyzone.cn/special/index/init?special_id=1903,2026-09-06,High,55,,,Not disclosed
difc-fintech-hive-76895aa2,DIFC FinTech Hive,DIFC,FinTech Corporate Pilot / Market Entry Accelerator,Middle East,"Dubai, UAE",Fintech / insurtech / regtech,Pre-seed | Seed | Series A | Growth,Credits / services,"Access to funding, regional market intelligence, financial-institution partners, PoC/pilot opportunities and DIFC ecosystem",Terms vary,Cohort-based,Varies by program,To confirm,No dated generic FinTech Hive 2026 intake verified on current accelerator hub,Track-specific,https://fintechhive.difc.ae/,https://www.innovationhub.difc.ae/accelerators,https://www.innovationhub.difc.ae/accelerators,2026-09-06,High,49,,,Not disclosed
dmz-incubator-f0a919d8,DMZ Incubator,DMZ,Growth Incubator,North America,"Toronto, Canada",Tech / industry-agnostic,Pre-seed | Seed,Credits / services,18-month tailored scaling/fundraising program + $1M+ perks; no standard guaranteed cash investment,2.5% common equity stake; no program fee and no board seat,Hybrid,Hybrid,Rolling,Open / ongoing,Spring 2027 cohort; applications ongoing,https://dmz.torontomu.ca/,https://dmz.torontomu.ca/incubator,https://dmz.torontomu.ca/incubator,2026-09-06,High,49,,,Not disclosed
elemental-excelerator-dfbce094,Elemental Excelerator,Elemental Impact,Climate Investment / Commercialization Platform,North America | Global,US / global,Climate tech,Series A | Growth,Conditional funding,Project / investment support,"Strategy Track typically SAFE, convertible note or direct investment; Project Track may use SAFE, D-SAFE, convertible note or direct investment, milestone-linked.",Cohort / project-based,Varies by program,Rolling,Open / rolling,Rolling,https://elementalimpact.com/,https://elementalimpact.com/funding-opportunities/apply/,https://elementalimpact.com/funding-opportunities/,2026-09-06,High,49,,,Not disclosed
entrepreneurs-first-us-funding-fellowships-9ba1def0,Entrepreneurs First US Funding & Fellowships,Entrepreneurs First,Founder Residency / Fellowship,North America | Global,"San Francisco, US",Technical / high-potential individuals,Pre-company | Pre-seed,Conditional funding,$10K equity-free Fellowship grant OR up to $250K founder funding pathway,$10K Fellowship = 0% equity. $250K pathway: $125K post-money SAFE for 8% + optional $125K uncapped MFN SAFE if founder relocates to SF and incorporates Delaware C-Corp.,In-person residency / fellowship,In person,Rolling,Open / rolling,Rolling; US Funding & Fellowships listed for 2026,https://www.joinef.com/,https://apply.joinef.com/,https://www.joinef.com/faqs/us/,2026-09-06,High,99,10000,USD,Published initial cash; excludes conditional follow-on and non-cash benefits
ewor-ideation-fellowship-a9ed20f7,EWOR Ideation Fellowship,EWOR,Founder Fellowship,Europe | Global,Virtual-first / global; Berlin-based network,Tech / globally ambitious founders,Pre-company | Pre-seed,Conditional funding,Up to €300K optional investment,Up to €65K at €1.0M post-money cap + up to €235K uncapped MFN; 3% tuition equ...,Virtual-first + global in-person events,Hybrid,Rolling,Open / rolling,Current applications,https://www.ewor.com/fellowship,https://www.ewor.com/apply,https://www.ewor.com/en-us/faq,2026-09-06,High,97,300000,EUR,Up to
ewor-traction-fellowship-97fcb868,EWOR Traction Fellowship,EWOR,Founder Fellowship,Europe | Global,Virtual-first / global; Berlin-based network,Tech startups with early traction,Pre-seed | Seed,Investment,€500K on acceptance,€110K at €1.5M post-money cap + €390K uncapped MFN; no tuition fee,Virtual-first + global in-person events,Hybrid,Rolling,Open / rolling,Current applications,https://www.ewor.com/fellowship,https://www.ewor.com/apply,https://www.ewor.com/en-us/faq,2026-09-06,High,99,500000,EUR,Published initial amount / range minimum
f-lux-fellowship-1d1fe43c,f(LUX) Fellowship,Lux Capital,Founder / Talent Fellowship,North America | Global,New York kickoff + closing summit,"Computational biology, AI infrastructure, advanced materials, aerospace, defense, frontier technology",Pre-company,Grant / stipend,US$15K non-dilutive grant + Lux mentorship + fully covered retreats,0% equity; non-dilutive grant,VC frontier-builder fellowship,In person,Closed,2026 closed,"May 26, 2026; next cycle TBD",https://www.luxcapital.com/fellowship,https://www.luxcapital.com/fellowship,https://www.luxcapital.com/news/f-lux-fellowship-2026,2026-09-06,High,86,15000,USD,Published initial amount / range minimum
fcat-frontier-founder-fellowship-0bb7bedd,FCAT Frontier Founder Fellowship,Fidelity Center for Applied Technology,Founder / Talent Fellowship,Europe | Global,The Hague + global events,Emerging / frontier tech with financial-services relevance,Pre-seed | Seed,Credits / services,No standard investment published,No standard equity terms published,Fellowship,Varies by program,Closed,2026 cohort underway,Next cycle TBD,https://www.fcatalyst.com/,https://www.fcatalyst.com/,https://www.fcatalyst.com/trends-and-signals/fcats-frontier-founder-fellowship-is-back.-this-time-were-building,2026-09-06,High,57,,,Not disclosed
felicis-ai-fellows-e6aea2ea,Felicis AI Fellows,Felicis Ventures,Founder / Talent Fellowship,North America,"San Francisco, US",AI / ML / computer engineering,Pre-company,Prizes,Non-dilutive cash prizes,0 equity,Student founder fellowship,Varies by program,Closed,2026 admissions closed,Next cycle TBD,https://www.felicis.com/fellows,https://www.felicis.com/fellows,https://www.felicis.com/fellows,2026-09-06,High,57,,,Not disclosed
felicis-ai-scholars-31e5497d,Felicis AI Scholars,Felicis Ventures × MIT CSAIL,Research / Commercialization Fellowship,North America,MIT / SF venture network,Frontier AI research,Pre-company,Investment,US$200K over two years,Research support; no standard startup equity stated,Research-to-company fellowship,Varies by program,Closed,2026 admissions closed,Next cycle TBD,https://www.felicis.com/fellows,https://www.felicis.com/fellows,https://www.felicis.com/fellows,2026-09-06,High,54,200000,USD,Published initial amount / range minimum
first-round-pmf-method-6216e546,First Round PMF Method,First Round Capital,VC Founder Method / Retreat,North America | Global,"Sonoma, California + follow-up hybrid",AI-native B2B SaaS / enterprise,Pre-company | Pre-seed | Seed,Credits / services,"US$0; First Round covers housing, food and activities onsite",0% equity; free. Founder pays airfare/transportation to retreat.,VC founder method / intensive retreat,In person,Waitlist,Fall 2026 waitlist,Fall 2026 retreat Sep 27–30; future sessions recur,https://www.firstround.com/pmf,https://apply.firstround.com/,https://www.firstround.com/pmf,2026-09-06,High,92,,,Not disclosed
founder-institute-silicon-valley-fd79b80b,Founder Institute Silicon Valley,Founder Institute,Founder Program / Other,North America | Global,Virtual / Silicon Valley network,Idea–pre-seed,Pre-company | Pre-seed,Credits / services,No standard cash investment,Entrance fee + Equity Collective,Virtual,Varies by program,Open,Open,"Oct 6, 2026 final",https://fi.co/,https://fi.co/,https://fi.co/program/san_francisco,2026-09-06,High,89,,,Published initial cash; excludes conditional follow-on and non-cash benefits
founderfuel-a573010b,FounderFuel,Real Ventures / FounderFuel,Venture Accelerator — current intake not verified,North America,"Montreal, Canada",Tech,Pre-seed | Seed,Credits / services,Published program model: CAD $120K investment per participating company,"Published terms: CAD $100K SAFE, 20% discount, CAD $4M post-money cap + CAD $20K for 5% founder shares",Cohort-based,Hybrid,To confirm,No 2026 cohort/application window verified,"Official Apply page still shows last deadline Mar 12, 2023",https://founderfuel.com/,https://founderfuel.com/apply/,https://founderfuel.com/about/; https://founderfuel.com/apply/,2026-09-06,High,47,120000,CAD,Historical published model; current intake not confirmed
founders-embassy-accelerator-aa3f6f19,Founders Embassy Accelerator,Founders Embassy,Accelerator,North America | Global,"San Francisco, US",Tech-enabled startups / industry-agnostic,Pre-seed | Seed,Credits / services,No standard investment,0 equity,International-founder bootcamp,In person,To confirm,Multiple cohorts / apply,Current intake varies,https://www.foundersembassy.com/fe-accelerator,https://www.foundersembassy.com/apply,https://www.foundersembassy.com/fe-accelerator,2026-09-06,High,89,,,Not disclosed
founders-factory-northwestern-medicine-healthcare-accelerator-e6dca886,Founders Factory Northwestern Medicine Healthcare Accelerator,Founders Factory,Cross-border AI Healthcare Accelerator,North America | Europe,London & Chicago,Health,Pre-seed | Seed,Investment,US$150K cash investment + 16 weeks support + ~$300K deals/perks + Northwestern Medicine pilot access,Terms program-specific,Hybrid,Hybrid,Closed,Closed,Recheck next cycle,https://foundersfactory.com/,https://foundersfactory.com/northwestern-medicine-healthcare-accelerator/,https://foundersfactory.com/northwestern-medicine-healthcare-accelerator/,2026-09-06,High,54,150000,USD,Published initial amount / range minimum
founders-inc-blueprint-ii-fff1c33c,"Founders, Inc. Blueprint II","Founders, Inc.",Founder Residency,North America | Global,"San Francisco, US",Hardware / physical technology,Pre-seed | Seed,Investment,US$150K,"5% SAFE, no MFN",Full-time hardware residency,In person,Open,Open,"Sep 14, 2026",https://f.inc/blueprint/faq,https://f.inc/blueprint/faq,https://f.inc/blueprint/faq,2026-09-06,High,99,150000,USD,Published initial amount / range minimum
founder-s-dojo-residency-417a4764,Founder’s Dojo Residency,Founder’s Dojo Fund,Founder Residency,North America | Global,"San Francisco, US",Industry-agnostic companies with traction,Pre-seed | Seed,Grant / stipend,"Housing, workspace, stipend; investment/syndication access",2% studio stake,SF residency,Varies by program,To confirm,Recurring 2026 cohorts,New cohort every ~2 months,https://foundersdojo.fund/,https://foundersdojo.fund/,https://foundersdojo.fund/,2026-09-06,High,60,,,Not disclosed
gener8tor-investment-accelerators-2c7d1c62,gener8tor Investment Accelerators,gener8tor,Investment Accelerator Platform,North America,US multi-city,Industry / sector-specific,Pre-seed | Seed,Investment,"Core investment accelerators generally invest around US$100K over 12 weeks; specific programs vary (e.g. $100K for 7.5% SAFE, direct current-round investment, uncapped note, or up to $200K in Saudi).","Program-specific; many current programs use $100K for 7.5% SAFE, while others use current-round or convertible-note structures.",Cohort-based,Varies by program,To confirm,Multiple 2026/2027 programs active,Rolling / program-specific,https://www.gener8tor.com/,https://www.gener8tor.com/apply,https://www.gener8tor.com/investment-accelerators,2026-09-06,High,55,100000,USD,Published initial amount / range minimum
general-catalyst-venture-fellowship-bab76b70,General Catalyst Venture Fellowship,General Catalyst,Student Founder Fellowship / Funding Program,North America | Global,Global campus network,Student founders / AI-native and general technology,Pre-company | Pre-seed,Conditional funding,Earlier-stage students may receive a starter grant; founders ready to raise can be considered for equity funding,Starter grant is non-dilutive; equity financing follows separate GC investment terms,VC student founder fellowship / funding program,Varies by program,To confirm,Public funding application route available,Rolling / current availability should be rechecked before applying,https://www.generalcatalyst.com/,https://www.generalcatalyst.com/stories/introducing-the-gc-venture-fellowship,https://www.generalcatalyst.com/stories/introducing-the-gc-venture-fellowship,2026-09-06,High,78,,,Not disclosed
google-for-startups-accelerator-8bca9954,Google for Startups Accelerator,Google for Startups,Big Tech Accelerator,Global,Regional / global,AI / cloud / technology,Seed | Series A,Credits / services,Eligible startups receive Google product credits + strategic/technical support,0% equity; no program fee,Hybrid / remote,Varies by program,To confirm,Program-specific,Recheck regional cohort,https://startup.google.com/programs/accelerator/,https://startup.google.com/programs/accelerator/,https://startup.google.com/programs/accelerator/united-states/,2026-09-06,High,51,,,Not disclosed
greentown-labs-startup-programs-d790028f,Greentown Labs Startup Programs,Greentown Labs,Climate Incubator + Corporate Open-Innovation Programs,North America,"Boston / Houston, US",Climate / hardware,Pre-seed | Seed,Conditional funding,Program-specific,Terms program-specific,In-person ecosystem,Varies by program,To confirm,Recheck,Recheck,https://greentownlabs.com/,https://greentownlabs.com/,https://greentownlabs.com/,2026-09-06,High,49,,,Not disclosed
greylock-x-3a429849,Greylock X,Greylock,Founder / Talent Fellowship,North America,"San Francisco, US",Entrepreneurial students / future founders,Pre-company,Credits / services,No standard investment,Free; no investment obligation,Summer fellowship,Varies by program,Closed,2026 cycle completed / invite-only,Next summer cycle,https://greylock.com/jobs/,https://greylock.com/jobs/,https://greylock.com/jobs/,2026-09-06,High,58,,,Not disclosed
hax-4e6a100a,HAX,SOSV,Founder Program / Other,North America | Asia,Newark / Shenzhen,Hard tech / deep tech / hardware,Pre-seed | Seed,Investment,SOSV investment,Terms deal-specific,In-person / intensive,In person,Rolling,Rolling,Year-round,https://hax.co/,https://hax.co/apply/,https://hax.co/apply/,2026-09-06,High,97,,,Not disclosed
hf0-residency-a7169369,HF0 Residency,HF0,Founder Residency / VC,North America,"San Francisco / New York, US",Technical / repeat founders,Pre-seed,Not disclosed,HF0 currently states it backs 10 teams at a time; current official site does not publish the check size or equity terms.,Current official site does not publish investment/equity terms. Do not surface third-party $1M/5% figures as verified current terms.,Residency,In person,Open,Open,Open application; current site lists Demo Day Dec 1,https://www.hf0.com/,https://www.hf0.com/,https://www.hf0.com/; https://www.hf0.com/facts,2026-09-06,High,90,,,Not disclosed
hub71-access-ee6cf7eb,Hub71 Access,Hub71,Market Entry / Scale-up Programme,Middle East,"Abu Dhabi, UAE",Tech / global,Pre-seed | Seed,Investment,AED 250K cash for equity + AED 250K in-kind incentives; high performers may receive additional AED 250K cash for further equity,Cash provided via SAFE in exchange for equity; exact SAFE economics not public on application page.,In-person / hybrid,In person,Open,Open,Cohort 21 deadline Feb 2027; starts Sep 2027,https://www.hub71.com/,https://www.hub71.com/index.php/program/access-programme/apply,https://www.hub71.com/index.php/program/access-programme,2026-09-06,High,49,250000,AED,Initial cash only; excludes in-kind incentives and performance top-up
indiebio-c225f836,IndieBio,SOSV,Founder Program / Other,North America,San Francisco / New York,Biotech / life sciences,Pre-seed | Seed,Investment,SOSV investment,Terms deal-specific,In-person / lab,Varies by program,Rolling,Open / rolling via SOSV portal,Rolling,https://indiebio.co/,https://sosv.com/application-faqs/,https://sosv.com/application-faqs/,2026-09-06,High,58,,,Not disclosed
intel-ignite-b2859137,Intel Ignite,Intel Ignite,Inactive / Historical DeepTech Accelerator,Global,US / Europe / Israel,Deep tech / AI / enterprise,Seed,Credits / services,No standard investment requirement,0% equity; no program fee,Cohort-based,Varies by program,Inactive,Inactive / closed,Program no longer active,https://intelignite.com/,https://intelignite.com/,https://intelignite.com/contact/,2026-09-06,High,51,,,Not disclosed
iterative-6eecd9ca,Iterative,Iterative,Founder Program / Other,Asia,Southeast Asia,Industry-agnostic,Pre-company | Pre-seed,Investment,Investment provided,Terms recheck,Cohort-based,Varies by program,Open,Open,Winter 2027 (Feb–May),https://www.iterative.vc/,https://www.iterative.vc/apply,https://www.iterative.vc/apply,2026-09-06,High,84,,,Not disclosed
l-spark-saas-accelerator-528fb267,L-SPARK SaaS Accelerator,L-SPARK,Accelerator,North America,Ottawa / Canada,B2B SaaS,Pre-seed | Series A | Growth,Credits / services,"L-SPARK does not have a fund and does not invest; provides 6 months of B2B SaaS acceleration, mentors, investor days and enterprise connections.","Performance-based: if company raises money during the 6-month program or following 12 months, L-SPARK receives 3% equity. If no funding is raised in that 18-month window, no program fee/equity is due.",Hybrid,Hybrid,Rolling,Current cohort closed; year-round applications accepted for future cohorts,Core cohort applications close in August each year; year-round interest accepted,https://www.l-spark.com/,https://www.l-spark.com/our-accelerator/apply-now/,https://www.l-spark.com/our-accelerator/how-it-works/,2026-09-06,High,55,,,Not disclosed
launch-accelerator-6fb3e4a3,LAUNCH Accelerator,LAUNCH,Accelerator,North America | Global,Remote / Silicon Valley network,Industry-agnostic,Pre-seed | Seed,Investment,US$125K,Terms not publicly summarized on current landing page,Remote,Varies by program,Open,Open,"Cohort 37, Sep 2026",https://launchaccelerator.co/,https://launchaccelerator.co/,https://launchaccelerator.co/,2026-09-06,High,89,125000,USD,Published initial amount / range minimum
ceo-b6e55d42,Legend Star Startup CEO Training Program,Legend Star,Founder CEO Education / Alumni Network,Asia,Primarily Beijing,Technology startups / sector-agnostic.,,Credits / services,Free founder education; investment decisions are separate from the course.,0 tuition; no program equity,Free founder training and entrepreneur community.,In person,Closed,2026 closed,"Cohort 19 closed June 26, 2026; cohort 20 applications are planned to open in May 2027.",https://www.legendstar.com.cn/home/ceo,https://lszs.legendstar.com.cn/login,https://www.legendstar.com.cn/home/ceo,2026-09-06,High,55,,,Not disclosed
lightspeed-nyc-ai-landing-pad-0773d9d6,Lightspeed NYC AI Landing Pad,Lightspeed Venture Partners / NYCEDC / Supermomos,Market Entry / Landing Program,North America,"New York City, US",AI / Applied AI / Consumer AI / Enterprise AI / frontier technology,Seed | Series A | Growth,Credits / services,"No guaranteed cash investment; fast-track Lightspeed partner meetings, investor dinners, coworking, mentorship, market-entry support",No published equity take / no guaranteed investment on program page,International market-entry / scale-up program,Varies by program,Rolling,2026 cohort started; rolling applications after deadline space permitting,"Jan 16, 2026 deadline; rolling thereafter if space",https://lsvp.com/nyc-project/,https://lsvp.com/nyc-project/,https://lsvp.com/nyc-project/,2026-09-06,High,91,,,Not disclosed
program-0a2845e1,MARS Embodied AI Founder Camp,MARS Accelerator,Embodied AI / Robotics Founder Camp + Ecosystem,Asia,Suzhou / founders across China,"Embodied AI, robotics and the related supply chain.",Pre-seed | Seed,Conditional funding,"Startup services and supply-chain, customer and capital connections. MARS invests at early stages, but the camp does not publish standard investment amounts or equity terms.",No standard equity terms published.,"Industry camp, founder community and industry and capital connections.",In person,Open,Recruiting for MARS Embodied AI Founder Camp cohort five.,Recruitment continues for the 2026 MARS embodied AI camp; MARS Space is operating.,https://www.cssland.com.cn/h-nd-141.html,https://www.cssland.com.cn/h-nd-141.html,https://www.cssland.com.cn/h-nd-141.html,2026-09-06,High,84,,,Not disclosed
masschallenge-fintech-challenge-8efb8188,MassChallenge FinTech Challenge,MassChallenge,Corporate / Pilot Accelerator,North America,US,Fintech,Pre-seed | Seed | Series A | Growth,Grant / stipend,Non-dilutive,0% equity,Challenge / corporate,Varies by program,Upcoming,Upcoming,2027 applications later in 2026,https://masschallenge.org/our-accelerators/,https://masschallenge.org/our-accelerators/,https://masschallenge.org/our-accelerators/,2026-09-06,High,55,,,Not disclosed
masschallenge-healthcare-life-sciences-traction-42ef370b,MassChallenge Healthcare & Life Sciences Traction,MassChallenge,Founder Program / Other,North America,US,Healthcare / life sciences,Pre-seed | Series A,Grant / stipend,Non-dilutive,0% equity,Hybrid,In person,Closed,Closed,"Feb 20, 2026",https://masschallenge.org/our-accelerators/,https://masschallenge.org/our-accelerators/,https://masschallenge.org/our-accelerators/,2026-09-06,High,54,,,Not disclosed
masschallenge-security-resiliency-traction-36720cea,MassChallenge Security & Resiliency Traction,MassChallenge,Founder Program / Other,North America,"Boston / Dallas, US",Security / dual-use / resilience,Pre-seed | Seed,Grant / stipend,Non-dilutive,0% equity,Hybrid,In person,Closed,Closed,"Jul 9, 2026",https://masschallenge.org/security-and-resiliency-traction-2026/,https://masschallenge.org/security-and-resiliency-traction-2026/,https://masschallenge.org/security-and-resiliency-traction-2026/,2026-09-06,High,52,,,Not disclosed
masschallenge-switzerland-450d5050,MassChallenge Switzerland,MassChallenge,Founder Program / Other,Europe,"Renens, Switzerland",Food / materials / industry challenges,Pre-seed | Seed | Series A | Growth,Grant / stipend,Non-dilutive / partner opportunities,0% equity for many programs,Hybrid,In person,Upcoming,Upcoming 2027 calls,Sep 2026 reopening for some challenges,https://masschallenge.org/,https://masschallenge.org/,https://masschallenge.org/our-accelerators/,2026-09-06,High,55,,,Not disclosed
masschallenge-traction-programs-ffb00b3e,MassChallenge Traction Programs,MassChallenge,Founder Program / Other,North America | Global,US / hybrid,Sector-specific,Pre-seed | Series A,Grant / stipend,Non-dilutive program,No equity / no program fee,Hybrid,In person,To confirm,Program-specific,Varies,https://masschallenge.org/,https://masschallenge.org/,https://masschallenge.org/our-accelerators/,2026-09-06,High,57,,,Not disclosed
mayfield-ai-garage-at-berkeley-055eb19b,Mayfield AI Garage at Berkeley,Mayfield,University-linked VC Founder Program,North America,"UC Berkeley / Bay Area, US",AI / AI-native startups,Pre-company | Pre-seed,Grant / stipend,US$50K stipend per founding team + up to US$350K Azure credits + NVIDIA Inception + up to US$25K Orrick legal credits + SkyDeck Pad-13 access,Stipend described without published equity take on current Mayfield page,Founder launchpad / university-linked VC program,Varies by program,To confirm,2026 program / next cycle recheck,2026 cohort announced; next application window recheck,https://www.mayfield.com/ai-garage-at-berkeley/,https://mayfield.ai/berkeley,https://www.mayfield.com/ai-garage-at-berkeley/,2026-09-06,High,88,50000,USD,Published initial amount / range minimum
mediobanca-founders-factory-fintech-investment-program-3f761ecd,Mediobanca & Founders Factory Fintech Investment Program,Founders Factory,Founder Program / Other,Europe,Milan & remote,Fintech,Pre-seed | Seed,Investment,Cash investment + 4 months accelerator support,Current page does not publicly summarize fixed equity terms,Hybrid,Hybrid,Open,Open / cohort-based,Current page lists February 6 application close for listed cohort,https://foundersfactory.com/accelerator/,https://foundersfactory.com/mediobanca-fintech-accelerator/,https://foundersfactory.com/mediobanca-fintech-accelerator/,2026-09-06,High,55,,,Not disclosed
medtech-innovator-apac-f283ea42,MedTech Innovator APAC,MedTech Innovator,Founder Program / Other,Asia | Oceania,APAC,Medtech / diagnostics / digital health,Pre-seed | Seed | Series A,Investment,US$300K competition / funding pool,0% equity accelerator / competition,Virtual + events,Varies by program,Upcoming,2026 cohort closed; 2027 application cycle upcoming,Applications typically reopen in October for following year,https://medtechinnovator.org/program/,https://medtechinnovator.org/program/,https://medtechinnovator.org/program/,2026-09-06,High,57,,,Published initial cash; excludes conditional follow-on and non-cash benefits
medtech-innovator-heart-brain-health-accelerator-0b5934dc,MedTech Innovator Heart & Brain Health Accelerator,MedTech Innovator × American Heart Association,Specialty MedTech Accelerator Track,North America | Global,Virtual + US events,Cardiovascular and neurological medical technology,Seed | Series A | Growth,Prizes,Funding competition / strategic access,0 standard equity requirement published,Specialty accelerator track,Varies by program,Waitlist,2026 closed; 2027 waitlist,Join 2027 notification list,https://medtechinnovator.org/mti-aha-track/,https://medtechinnovator.org/mti-aha-track/,https://medtechinnovator.org/mti-aha-track/,2026-09-06,High,85,,,Not disclosed
medtech-innovator-us-f4a8c8f4,MedTech Innovator US,MedTech Innovator,Founder Program / Other,North America | Global,Virtual + US events,Medtech / diagnostics / digital health,Pre-seed | Seed | Series A,Prizes,Competition / non-dilutive funding,0% equity,Virtual + required events,In person,Closed,Closed for 2026,2027 cycle upcoming,https://medtechinnovator.org/,https://medtechinnovator.org/apply/,https://medtechinnovator.org/apply/,2026-09-06,High,96,,,Not disclosed
medtech-innovator-vantage-accelerator-334c67fe,MedTech Innovator VANTAGE Accelerator,MedTech Innovator / BARDA,MedTech / Health Security Accelerator,North America | Global,Virtual + US in-person events,"Medical devices, diagnostics, public-health preparedness / biothreat response",Pre-seed | Series A | Growth,Conditional funding,4-month accelerator mentorship/network. Separate VANTAGE development funding solicitation has its own proposal/award process.,0 standard equity requirement published,Specialty accelerator track,Hybrid,Upcoming,2027 cycle upcoming,Applications Oct–Dec 2026,https://medtechinnovator.org/vantage/accelerator/,https://medtechinnovator.org/vantage/accelerator/,https://medtechinnovator.org/vantage/accelerator/,2026-09-06,High,88,,,Not disclosed
menlo-anthology-fund-75f5b3f3,Menlo Anthology Fund,Menlo Ventures × Anthropic,Founder Community,North America | Global,US preferred; international considered,"AI infrastructure, AI apps, healthcare, cyber, consumer, robotics/hardware",Pre-seed | Series A,Investment,Investments start at US$100K,Deal-specific,VC investment program + founder community,Varies by program,Rolling,Open / rolling,Response typically within ~2 weeks,https://menlovc.com/menlo-anthology-fund/,https://menlovc.com/menlo-anthology-fund/,https://menlovc.com/menlo-anthology-fund/,2026-09-06,High,99,100000,USD,Published initial amount / range minimum
mhub-compute-energy-nexus-accelerator-79a4be08,mHUB Compute-Energy Nexus Accelerator,mHUB,Accelerator,North America,"Chicago, US",Energy / data center / infrastructure,Pre-seed | Seed,Investment,US$200K package,6.5% equity,In-person / hybrid,Varies by program,Closed,Closed,"Jul 13, 2026",https://mhub.org/energy-tech-accelerator,https://mhub.org/energy-tech-accelerator,https://mhub.org/energy-tech-accelerator,2026-09-06,High,52,,,Not disclosed
mhub-hardtech-accelerator-59fa5a82,mHUB HardTech Accelerator,mHUB,Accelerator,North America,"Chicago, US",HardTech / physical products,Pre-seed | Seed,Investment,~US$200K package,6.5% equity in current accelerator model,In-person / hybrid,Varies by program,To confirm,Cohort-specific,Express interest,https://mhub.org/accelerator,https://mhub.org/accelerator,https://mhub.org/accelerator,2026-09-06,High,84,,,Not disclosed
program-1a824c48,Microsoft Accelerator China,Microsoft Accelerator China,Historical / Legacy Corporate Accelerator,Asia,Beijing / Shanghai,Growth-oriented technology companies / software / enterprise technology.,Pre-seed | Seed | Series A | Growth,Credits / services,"Official Microsoft China page describes 4–6 month acceleration and Azure cloud resources worth >RMB 1M, plus technical/market/capital/customer support",The website describes free resources; no standard equity terms published.,Four to six months of acceleration.,Not disclosed,To confirm,No active 2026 intake verified,Not publicly verified for 2026,https://www.microsoft.com/zh-cn/aprd/innovation/msftventures,https://www.microsoft.com/zh-cn/aprd/innovation/msftventures,https://www.microsoft.com/zh-cn/aprd/innovation/msftventures,2026-09-06,High,47,,,Not disclosed
2026-d4566cf0,MiraclePlus Fall 2026 Accelerator,MiraclePlus,Accelerator,Asia | Global,Beijing / East China / Shenzhen / online interviews,"AI, large models and agents, robotics, B2B, quantum technology, biotech, commercial space and international expansion.",Pre-company | Pre-seed | Seed | Series A,Investment,US$300K or the RMB equivalent.,7% equity; companies that have already raised funding may receive investment at their previous-round valuation.,Three-month founder camp; teams do not need to live in Beijing.,Varies by program,Open,Late applications accepted,Regular Fall 2026 applications have closed; late applications remain open.,https://www.miraclepl.us/cn/,https://www.miraclepl.us/cn/apply/,https://www.miraclepl.us/cn/apply/,2026-09-06,High,99,300000,USD,Published initial amount / range minimum
mswa-ms-neurological-care-accelerator-cbf6188e,MSWA MS & Neurological Care Accelerator,Founders Factory,MedTech / Neuro Health Accelerator,Oceania | Global,Perth & global,Health / neurological care,Pre-seed | Seed,Investment,A$200K cash investment + A$500K worth of deals/perks + clinical/commercial access,Terms program-specific,Hybrid,Hybrid,Open,Open,Current,https://foundersfactory.com/,https://foundersfactory.com/mswa-ms-neurological-care-accelerator/,https://foundersfactory.com/mswa-ms-neurological-care-accelerator/,2026-09-06,High,59,200000,AUD,Published initial amount / range minimum
muckerlab-1ff00e66,MuckerLab,Mucker Capital,Accelerator,North America,"Los Angeles, US",Software / tech,Pre-seed | Series A,Investment,Typically US$100K–175K,Typically 10%–15% equity; amount/stake depend on capital needs and company stage,Hands-on accelerator,Hybrid,Rolling,Open; reviewed quarterly,Open application; quarterly review,https://mucker.com/accelerator/,https://mucker.com/portfolio/,https://mucker.com/accelerator/,2026-09-06,High,84,100000,USD,Published initial amount / range minimum
neo-residency-a3a6f8aa,Neo Residency,Neo,Founder Residency,North America,"San Francisco, US",Technical startups / strong builders,Pre-seed | Seed,Investment,US$750K uncapped,Neo gets participation rights in next equity round up to 5% total ownership,In-person residency,In person,Closed,2026 residency closed; seed funding available,Next residency TBD,https://neo.com/residency,https://neo.com/residency,https://neo.com/residency,2026-09-06,High,95,750000,USD,Published initial amount / range minimum
newlab-founder-fellowship-a0c3155e,Newlab Founder Fellowship,Newlab,Founder / Talent Fellowship,North America,"New York City, US",Critical technology / climate / deep tech,Pre-seed | Seed,Conditional funding,Opportunity for up to US$75K investment,Program-specific,Fellowship,Varies by program,Closed,2026 cycle underway,Next cycle TBD,https://www.newlab.com/,https://www.newlab.com/,https://www.newlab.com/post/founders-fellowship-2026-launch,2026-09-06,High,57,75000,USD,Up to
next-36-9b86b48b,NEXT 36,NEXT Canada,Founder Education / Venture Launch Program,North America,"Toronto, Canada",Industry-agnostic,Pre-company,Credits / services,"Education, mentorship, in-kind services and investor access; no standardized direct program investment confirmed on current 2027 application page.",Non-dilutive program structure,Hybrid then in-person,Hybrid,Open,Open,"Oct 14, 2026 at 11:59pm; program Jan–Aug 2027",https://www.nextcanada.com/,https://my.nextcanada.com/apply/n36,https://www.nextcanada.com/next-36/,2026-09-06,High,55,,,Not disclosed
next-ai-c6df7403,NEXT AI,NEXT Canada,AI Venture Program,North America,"Toronto / Montréal, Canada",AI,Pre-company | Pre-seed | Seed,Credits / services,No direct funding; investor exposure/network,0% equity; program does not provide funding,Hybrid,In person,Closed,2026 closed,Next cohort not yet announced,https://www.nextcanada.com/programs-overview/,https://www.nextcanada.com/programs-overview/,https://www.nextcanada.com/next-ai/,2026-09-06,High,54,,,Not disclosed
next-founders-90ad47ae,NEXT Founders,NEXT Canada,Growth-stage Founder Program,North America,Canada,Industry-agnostic,Seed | Series A | Growth,Credits / services,"Mentorship, investor access, education, events and in-kind services; no program investment",0% equity; no participation cost,Flexible,Varies by program,Closed,2026 closed,2026 deadline Mar 5; next application cycle TBD,https://www.nextcanada.com/programs-overview/,https://www.nextcanada.com/programs-overview/,https://www.nextcanada.com/next-founders/,2026-09-06,High,52,,,Not disclosed
nfx-fast-d12a5900,NFX FAST,NFX,Accelerator,North America | Europe,US / Europe-focused,"AI, robotics, defense, space, marketplaces, fintech, computational biology, climate, software",Pre-seed | Seed,Investment,Typically US$1M–2M SAFE for 15% on generic FAST; specialized FAST terms vary,Program-specific SAFE,Fast-track VC funding program,Varies by program,Closed,Current generic cycle closed / future FASTs recur,Watch next opening,https://fast.nfx.com/,https://fast.nfx.com/,https://fast.nfx.com/fast,2026-09-06,High,54,1000000,USD,Published initial amount / range minimum
northwestern-medicine-techstars-healthcare-1ce2284a,Northwestern Medicine & Techstars Healthcare,Techstars,Founder Program / Other,North America,"Chicago, US",Healthcare,Pre-seed | Seed,Investment,US$220K day-one capital + accelerator benefits/perks,$200K uncapped MFN SAFE + $20K Post-Money CEA for 5% common; side letter includes pro-rata and other rights,Hybrid,In person,Open,Open,"Nov 18, 2026",https://www.techstars.com/accelerators/northwestern-medicine-healthcare,https://www.techstars.com/accelerators/northwestern-medicine-healthcare,https://www.techstars.com/investment-terms,2026-09-06,High,57,220000,USD,Published initial amount / range minimum
nucleate-activator-b96f7505,Nucleate Activator,Nucleate,Academic Biotech Commercialization Accelerator,North America | Global,University hubs / global,Biotech / life sciences,Pre-company | Pre-seed,Credits / services,"6-month equity-free program, mentorship, legal support, subsidized perks and funding connections; no standard check",0% equity; free,Cohort-based,Varies by program,To confirm,Program active; current official Activator page still displays older cohort date details,Chapter-specific; verify local chapter before applying,https://nucleatehq.org/,https://gateway.nucleate.org/main#tab3,https://nucleate.org/activator/,2026-09-06,High,49,,,Not disclosed
nvidia-inception-10f3a12e,NVIDIA Inception,NVIDIA,Big Tech Startup Support Program,Global,Global,AI / accelerated computing,Pre-company | Pre-seed | Seed | Series A | Growth,Credits / services,Credits / technical support,"Free; no application fee, membership fee, or equity requirement",Virtual program,Remote,Rolling,Open / rolling,Rolling,https://www.nvidia.com/en-us/startups/,https://www.nvidia.com/en-us/startups/,https://www.nvidia.com/en-us/startups/,2026-09-06,High,51,,,Not disclosed
odf-on-deck-founders-f0e4e966,ODF (On Deck Founders),ODF,Founder / Talent Fellowship,North America | Global,San Francisco + online community,Industry-agnostic / high-agency builders,Pre-company | Pre-seed,Credits / services,No standard investment,Non-dilutive; suggested pay-what-you-can contribution around US$1K,Founder fellowship / community,Varies by program,Open,Open,ODF28 kicks off Q3 2026,https://admissions.joinodf.com/,https://admissions.joinodf.com/,https://admissions.joinodf.com/,2026-09-06,High,89,,,Not disclosed
outlier-ventures-base-camp-8449be56,Outlier Ventures Base Camp,Outlier Ventures,Founder Program / Other,Global,Global / remote,Web3 / AI x crypto / DePIN / RWA,Pre-seed | Seed,Grant / stipend,Up to US$100K stipend (terms apply) + up to US$200K follow-up investment (terms apply) on recent Base Camp call; 12 weeks + additional fundraising support,Program-specific / terms apply; not uniformly equity-free across all Base Camps,Remote,Hybrid,Waitlist,Some 2026 Base Camps accepting early applications / register interest; individual calls may be closed,Program-specific,https://outlierventures.io/base-camp/,https://outlierventures.io/base-camp/,https://outlierventures.io/base-camp/call-for-builders/,2026-09-06,High,59,100000,USD,Up to
parallel18-f2cf5dec,Parallel18,Parallel18,International Accelerator + Investment,North America,"Puerto Rico, US",Industry-agnostic,Pre-seed | Seed,Investment,US$100K investment via SAFE,US$100K SAFE; exact cap/discount in current offer docs/terms.,In-person / hybrid,In person,Waitlist,Gen 14 active / Gen 15 waitlist,Applications reopen 2027,https://parallel18.com/,https://parallel18.com/p18/,https://parallel18.com/p18/,2026-09-06,High,47,100000,USD,Published initial amount / range minimum
pear-female-founder-circle-67e3d152,Pear Female Founder Circle,Pear VC,Founder Community,North America,"San Francisco, US",AI; technical female and nonbinary founders,Pre-seed | Seed,Credits / services,No standard investment,Free; no equity requirement,Founder circle / cohort,Varies by program,Closed,2026 winter closed,Next cohort TBD,https://pear.vc/programs/female-founder-circles/,https://pear.vc/programs/female-founder-circles/,https://pear.vc/programs/female-founder-circles/,2026-09-06,High,57,,,Not disclosed
pearx-f9ae3e22,PearX,Pear VC,Founder Program / Other,North America,"Bay Area, US",Industry-agnostic,Pre-company | Pre-seed,Investment,Investment provided; current amount recheck,Terms recheck,In-person / hybrid,In person,To confirm,Next cycle recheck,S26 closed,https://pear.vc/pearx/,https://pear.vc/pearx-application/,https://pear.vc/pearx-s26-applications/,2026-09-06,High,90,,,Not disclosed
plug-and-play-accelerator-programs-e2d7620f,Plug and Play Accelerator Programs,Plug and Play,Corporate Open-Innovation Accelerator Platform,Global,Silicon Valley + global hubs,Fintech / mobility / health / enterprise / energy / more,Pre-seed | Seed | Series A | Growth,Conditional funding,"Corporate pilots, PoCs, partner/investor network; specific tracks may offer credits/grants or separate investment",No universal equity requirement for accelerator participation; any separate investment is negotiated deal-by-deal,Corporate accelerator,Varies by program,To confirm,Active platform; individual 2026 tracks vary,Track-specific,https://www.plugandplaytechcenter.com/,https://www.plugandplaytechcenter.com/,https://www.plugandplaytechcenter.com/,2026-09-06,High,54,,,Not disclosed
plug-and-play-china-cross-border-acceleration-camp-b9edcfbb,Plug and Play China Cross-border Acceleration Camp,Plug and Play China,Plug and Play China Corporate / Cross-border Program Umbrella,Asia | Global,Shenzhen / Beijing / Shanghai and other cities,"AI, new energy, intelligent manufacturing and cross-border innovation.",Pre-seed | Seed,Credits / services,"Corporate PoC, supplier/customer access, media/ecosystem exposure and possible priority investment; exact benefits vary by partner program",Program-specific,China market-entry cross-border accelerator,Varies by program,To confirm,Active platform; specific 2026 programs vary,Track-specific,https://www.pnpchina.com/,https://www.pnpchina.com/,https://www.pnpchina.com/ANTA/,2026-09-06,High,59,,,Not disclosed
rio-tinto-mining-tech-accelerator-7696435f,Rio Tinto Mining Tech Accelerator,Founders Factory,Corporate / Industrial DeepTech Accelerator,Oceania | Global,Perth & global,Mining / deep tech,Pre-seed | Seed,Investment,Investment / support,Terms program-specific,Hybrid,Hybrid,Open,Open,Current,https://foundersfactory.com/,https://foundersfactory.com/rio-tinto-mining-tech-accelerator/,https://foundersfactory.com/rio-tinto-mining-tech-accelerator/,2026-09-06,High,59,,,Not disclosed
rockstart-agrifood-6190cb15,Rockstart AgriFood,Rockstart,Early-stage VC + Accelerator,Europe | Global,Europe,AgriFood / agritech / foodtech,Seed | Series A | Growth,Conditional funding,Investment-led,Terms by investment,Investment platform,Varies by program,To confirm,Rolling / recheck,Rolling / recheck,https://rockstart.com/,https://rockstart.com/,https://rockstart.com/faq/,2026-09-06,High,57,,,Not disclosed
rockstart-emerging-tech-01d221b6,Rockstart Emerging Tech,Rockstart,Early-stage VC + Accelerator,Europe | Global,Europe,Emerging technologies solving urgent universal problems,Seed | Series A | Growth,Conditional funding,Investment-led,Terms by investment,Investment platform,Varies by program,To confirm,Rolling / recheck,Rolling / recheck,https://rockstart.com/,https://rockstart.com/,https://rockstart.com/faq/,2026-09-06,High,57,,,Not disclosed
rockstart-energy-d75c3a49,Rockstart Energy,Rockstart,Early-stage VC + Accelerator,Europe | Global,Europe,Energy transition / climate,Seed | Series A | Growth,Conditional funding,Investment-led,Terms by investment,Investment platform,Varies by program,To confirm,Rolling / recheck,Rolling / recheck,https://rockstart.com/,https://rockstart.com/,https://rockstart.com/faq/,2026-09-06,High,59,,,Not disclosed
sequoia-arc-00382a7d,Sequoia Arc,Sequoia Capital,Founder Program / Other,North America | Global,US / global applicants,Industry-agnostic,Pre-seed | Seed,Investment,Sequoia investment if selected,Company-specific terms,Open call + intensive,Varies by program,To confirm,Biannual open-call pathway,Check current Arc window,https://sequoiacap.com/arc,https://sequoiacap.com/arc,https://sequoiacap.com/arc,2026-09-06,High,97,,,Not disclosed
sf-startup-labs-8a3a6a67,SF Startup Labs,SF Startup Labs,Accelerator,North America | Global,"Online + San Francisco, US",International founders entering US,Pre-seed | Seed,Credits / services,No investment,0 equity; paid program,US-market entry accelerator,Varies by program,Open,Open,"Starts Sep 14, 2026",https://www.sfstartuplabs.com/,https://www.sfstartuplabs.com/,https://www.sfstartuplabs.com/,2026-09-06,High,62,,,Not disclosed
sosv-ny-a3605966,SOSV NY,SOSV,Founder Residency,North America | Global,"New York, US","Healthcare, therapeutics, engineering biology, deep tech",Pre-seed,Investment,Up to US$550K initial funding,Pre-seed SAFE; exact terms offered per deal,Investor-backed residency / lab program,Varies by program,Rolling,Open / rolling,Rolling,https://sosv.com/locations/sosv-ny/,https://sosv.com/locations/sosv-ny/,https://sosv.com/locations/sosv-ny/,2026-09-06,High,99,550000,USD,Up to
sosv-sf-cf1d6df1,SOSV SF,SOSV,Founder Residency,North America | Global,"San Francisco, US","Deep tech: bio, chemistry, materials, energy, food, AI, healthcare",Pre-seed,Investment,Up to US$550K initial funding,Pre-seed SAFE; exact terms offered per deal,Investor-backed residency,Varies by program,Rolling,Open / rolling,Rolling,https://sosv.com/locations/sosv-sf/,https://sosv.com/locations/sosv-sf/,https://sosv.com/locations/sosv-sf/,2026-09-06,High,99,550000,USD,Up to
spc-founder-fellowship-d2a15afa,SPC Founder Fellowship,South Park Commons,Founder / Talent Fellowship,North America | Global,SF / NYC / Bangalore,Frontier technology / sector-agnostic,Pre-company | Pre-seed,Investment,US$1M total,$400K for 7% + $600K guaranteed next external round,In-person bootcamp + community,In person,Closed,Closed,"Aug 2, 2026",https://www.southparkcommons.com/founder-fellowship,https://www.southparkcommons.com/founder-fellowship,https://www.southparkcommons.com/founder-fellowship,2026-09-06,High,94,400000,USD,Published initial cash; excludes conditional follow-on and non-cash benefits
stanford-biodesign-innovation-fellowship-f13e7090,Stanford Biodesign Innovation Fellowship,Stanford Mussallem Center for Biodesign,Founder / Talent Fellowship,North America | Global,"Stanford, California, US","Medtech, diagnostics, digital health, drug delivery, biotech",Pre-company,Grant / stipend,Monthly stipend + health benefits,0 startup equity; fellowship compensation,Full-time fellowship,In person,Closed,2027–28 applications closed,"Deadline was Aug 27, 2026; next cycle later",https://biodesign.stanford.edu/programs/fellowships/innovation-fellowships.html,https://biodesign.stanford.edu/programs/fellowships/innovation-fellowships/application-instructions.html,https://biodesign.stanford.edu/programs/fellowships/innovation-fellowships.html,2026-09-06,High,96,,,Not disclosed
start-up-chile-fc02e3bd,Start-Up Chile,Start-Up Chile,Government Equity-free Accelerator Platform,Latin America,"Santiago, Chile",Industry-agnostic,Pre-seed | Series A | Growth,Grant / stipend,"Build: CLP 15M (~US$15K); Ignite: CLP 25M + possible CLP20M extension; Growth: CLP75M (~US$100K), all equity-free",0% equity; government grant under CORFO terms,Hybrid,In person,Upcoming,Track-specific; Ignite currently says applications opening soon,Recheck,https://startupchile.org/,https://startupchile.org/en/apply/,https://startupchile.org/en/apply/,2026-09-06,High,49,15000,USD,Published initial cash; excludes conditional follow-on and non-cash benefits
startmate-accelerator-791f0e32,Startmate Accelerator,Startmate,Accelerator,Oceania,Australia / New Zealand,Industry-agnostic,Pre-seed | Seed,Investment,A$120K,Valuation-based; can match qualifying prior round,Hybrid,Hybrid,Open,Open,"Nov 8, 2026",https://www.startmate.com/accelerator/program,https://www.startmate.com/accelerator/program,https://www.startmate.com/accelerator/program,2026-09-06,High,55,120000,AUD,Published initial amount / range minimum
startup-wise-guys-fintech-accelerator-43abe02d,Startup Wise Guys Fintech Accelerator,Startup Wise Guys,B2B Fintech Accelerator,Global,Hybrid,Fintech / insurtech / regtech,Pre-seed | Seed,Investment,Up to €150K convertible investment (€120K cash + €30K program) + potential €250K follow-on,Convertible investment; exact conversion/equity terms in offer documents.,Hybrid,In person,Open,Open,Rolling / current,https://startupwiseguys.com/all-programs/fintech-accelerator-program/,https://startupwiseguys.com/all-programs/fintech-accelerator-program/,https://startupwiseguys.com/all-programs/fintech-accelerator-program/,2026-09-06,High,57,120000,EUR,Published initial cash; excludes conditional follow-on and non-cash benefits
startup-wise-guys-flagship-accelerator-b659e885,Startup Wise Guys Flagship Accelerator,Startup Wise Guys,Accelerator,Europe | Global,Hybrid / Europe,B2B,Pre-seed | Seed,Investment,Up to €100K convertible,Program cost €35K; follow-on possible,Hybrid,In person,Open,Open,"Nov 2, 2026",https://startupwiseguys.com/growing/flagship-accelerator/,https://startupwiseguys.com/growing/flagship-accelerator/,https://startupwiseguys.com/all-programs/,2026-09-06,High,86,100000,EUR,Up to
startup-wise-guys-founders-club-603a9d27,Startup Wise Guys Founders Club,Startup Wise Guys,Paid Pre-accelerator / Founder Club,Europe | Global,Online,B2B company building,Pre-company | Pre-seed,Conditional funding,"Possible €100K or €50K investment after program, solely at SWG discretion","Program inscription: €1,000+VAT individual / €1,500+VAT team / €500+VAT CTO. If €100K investment accepted, €35K fee obligation; if €50K accepted, €20K fee obligation. Exact equity/conversion terms in investment offer.",Online,Varies by program,To confirm,Closed / recheck next,"Jul 12, 2026 prior deadline",https://startupwiseguys.com/building/,https://startupwiseguys.com/all-programs/the-founders-club/founders-club-application/,https://startupwiseguys.com/all-programs/the-founders-club/founders-club-application/,2026-09-06,High,54,100000,EUR,Published initial amount / range minimum
startupbootcamp-deeptech-robotics-97bfb41d,Startupbootcamp DeepTech & Robotics,Startupbootcamp,Founder Program / Other,Europe | Global,Hybrid,Deep tech / robotics,Pre-seed | Seed,Investment,€25K cash investment + >€100K startup deal kit,Program-specific,3-month hybrid accelerator,Hybrid,To confirm,Open / recheck,2026,https://www.startupbootcamp.org/,https://startupbootcamp.org/accelerator/deeptech-robotics,https://startupbootcamp.org/accelerator/deeptech-robotics,2026-09-06,High,51,25000,EUR,Published initial amount / range minimum
startupbootcamp-energy-climate-d6cad919,Startupbootcamp Energy & Climate,Startupbootcamp,Climate / Energy Accelerator,Europe | Global,Hybrid,Energy / climate,Pre-seed | Seed,Investment,€25K cash investment + startup deal kit valued at >€100K,Cash amount public; current public program page does not summarize exact equity/conversion terms.,Hybrid,Hybrid,Open,Open,2026,https://www.startupbootcamp.org/,https://startupbootcamp.org/energy-climate-2,https://startupbootcamp.org/energy-climate-2,2026-09-06,High,49,25000,EUR,Published initial amount / range minimum
startupbootcamp-food-agritech-ca9dfd66,Startupbootcamp Food & AgriTech,Startupbootcamp,Founder Program / Other,Europe | Global,Hybrid,Food / agtech,Pre-seed | Seed,Investment,€25K cash investment + >€100K startup deal kit,Program-specific,3-month hybrid accelerator,Hybrid,To confirm,Open / recheck,2026,https://www.startupbootcamp.org/,https://startupbootcamp.org/accelerator/food-agritech,https://startupbootcamp.org/accelerator/food-agritech,2026-09-06,High,49,25000,EUR,Published initial amount / range minimum
startupbootcamp-georgia-1bccf324,Startupbootcamp Georgia,Startupbootcamp,Market Entry / Regional Accelerator,Europe,Georgia,Industry / regional,Pre-seed | Seed,Grant / stipend,GEL 150K grant + up to US$500K perks,Program-specific,Hybrid,In person,To confirm,2026 cycle completed / next intake recheck,2026,https://www.startupbootcamp.org/,https://www.startupbootcamp.org/,https://startupbootcamp.org/georgia,2026-09-06,High,47,150000,GEL,"Cash grant; no reviewed USD exchange rate, excluded from currency-normalized amount comparison"
startupbootcamp-health-lifescience-07206a0f,Startupbootcamp Health & LifeScience,Startupbootcamp,Founder Program / Other,Europe | Global,Hybrid,Health / life sciences,Pre-seed | Seed,Investment,€25K cash investment + >€100K startup deal kit,Program-specific,3-month hybrid accelerator,Hybrid,To confirm,Open / recheck,2026,https://www.startupbootcamp.org/,https://startupbootcamp.org/health-lifescience,https://startupbootcamp.org/health-lifescience,2026-09-06,High,51,25000,EUR,Published initial amount / range minimum
surface-fellowship-ca653d3c,Surface Fellowship,Surface,Fully-funded Founder / Builder Fellowship,North America | Europe,"San Francisco, US",Early builders / founders,Pre-company | Pre-seed | Seed,Credits / services,Fully funded residency for selected fellows: housing covered; program is not an investment,0% equity; 0% IP; no obligation to start a company,Fully funded residency fellowship,In person,Closed,2026 closed,"Priority Aug 20; final Aug 31, 2026",https://joinsurface.co/,https://joinsurface.co/,https://joinsurface.co/,2026-09-06,High,55,,,Not disclosed
surge-by-peak-xv-b711433e,Surge by Peak XV,Peak XV,Founder Program / Other,Asia | Global,India / Southeast Asia / SF immersion,Industry-agnostic,Seed,Investment,US$500K–US$5M,Investment terms deal-specific,Hybrid / immersion,In person,Rolling,Year-round investing,2026 immersion deadline passed Aug 14,https://surge.peakxv.com/,https://surge.peakxv.com/,https://surge.peakxv.com/how-we-invest,2026-09-06,High,86,500000,USD,Published initial amount / range minimum
taqadam-startup-accelerator-c7641257,TAQADAM Startup Accelerator,KAUST,Global Startup Accelerator,Middle East,Saudi Arabia,Tech / science / innovation,Pre-seed | Seed,Grant / stipend,US$40K funding for teams selected into the full accelerator; 10 startups receive an additional US$100K at the annual showcase,Funding described as program funding/grant; no equity take published on current official FAQ,Hybrid accelerator,Hybrid,Waitlist,Register interest / next cohort updates,"Cohort 7 application deadline was extended to Jun 5, 2026; next cohort not yet published",https://taqadam.kaust.edu.sa/,https://taqadam.kaust.edu.sa/,https://taqadam.kaust.edu.sa/,2026-09-06,High,47,40000,USD,Published initial amount / range minimum
techstars-ai-health-baltimore-96ef1a97,Techstars AI Health Baltimore,Techstars,Founder Program / Other,North America,"Baltimore, US",AI / Health,Pre-seed | Seed,Investment,US$220K day-one capital + accelerator benefits/perks,$200K uncapped MFN SAFE + $20K Post-Money CEA for 5% common; side letter includes pro-rata and other rights,Hybrid,In person,Open,Open,"Nov 18, 2026",https://www.techstars.com/accelerators/baltimore-ai-health,https://www.techstars.com/accelerators/baltimore-ai-health,https://www.techstars.com/investment-terms,2026-09-06,High,57,220000,USD,Published initial amount / range minimum
techstars-alabama-energytech-accelerator-5ab5ff10,Techstars Alabama EnergyTech Accelerator,Techstars,Accelerator,North America,"Alabama, US",Energy / climate / infrastructure,Pre-seed | Seed,Investment,US$220K day-one capital + accelerator benefits/perks,$200K uncapped MFN SAFE + $20K Post-Money CEA for 5% common; side letter includes pro-rata and other rights,Hybrid,In person,To confirm,2026 application window closed; next cycle recheck,2026 final deadline was Jun 10; next cycle not yet published,https://www.techstars.com/accelerators/alabama-energytech,https://www.techstars.com/accelerators/alabama-energytech,https://www.techstars.com/investment-terms,2026-09-06,High,47,220000,USD,Published initial amount / range minimum
techstars-anywhere-accelerator-451d5815,Techstars Anywhere Accelerator,Techstars,Accelerator,Global,Remote-first,Industry-agnostic,Pre-seed | Seed,Investment,US$220K day-one capital + accelerator benefits/perks,$200K uncapped MFN SAFE + $20K Post-Money CEA for 5% common; side letter includes pro-rata and other rights,Remote / hybrid,In person,Open,Open,"Nov 18, 2026",https://www.techstars.com/accelerators/anywhere,https://www.techstars.com/accelerators/anywhere,https://www.techstars.com/investment-terms,2026-09-06,High,57,220000,USD,Published initial amount / range minimum
techstars-boston-accelerator-b9325e1d,Techstars Boston Accelerator,Techstars,Accelerator,North America,"Boston, US",Industry-agnostic,Pre-seed | Seed,Investment,US$220K day-one capital + accelerator benefits/perks,$200K uncapped MFN SAFE + $20K Post-Money CEA for 5% common; side letter includes pro-rata and other rights,Hybrid,In person,Open,Open,"Nov 18, 2026",https://www.techstars.com/accelerators/boston,https://www.techstars.com/accelerators/boston,https://www.techstars.com/investment-terms,2026-09-06,High,84,220000,USD,Published initial amount / range minimum
techstars-boulder-5442c624,Techstars Boulder,Techstars,Founder Program / Other,North America,"Boulder, US",Industry-agnostic,Pre-seed | Seed,Investment,US$220K day-one capital + accelerator benefits/perks,$200K uncapped MFN SAFE + $20K Post-Money CEA for 5% common; side letter includes pro-rata and other rights,In-person / hybrid,Varies by program,Closed,Closed for current cycle,"Jun 10, 2026",https://www.techstars.com/accelerators/boulder,https://www.techstars.com/accelerators/boulder,https://www.techstars.com/investment-terms,2026-09-06,High,52,220000,USD,Published initial amount / range minimum
techstars-chicago-bbf9fbca,Techstars Chicago,Techstars,Founder Program / Other,North America,"Chicago, US",Industry-agnostic,Pre-seed | Seed,Investment,US$220K day-one capital + accelerator benefits/perks,$200K uncapped MFN SAFE + $20K Post-Money CEA for 5% common; side letter includes pro-rata and other rights,In-person / hybrid,Varies by program,Open,Open,"Nov 18, 2026",https://www.techstars.com/accelerators/chicago,https://www.techstars.com/accelerators/chicago,https://www.techstars.com/investment-terms,2026-09-06,High,55,220000,USD,Published initial amount / range minimum
techstars-columbus-powered-by-the-ohio-state-university-514d332e,Techstars Columbus powered by The Ohio State University,Techstars,Founder Program / Other,North America,"Columbus, US",Industry-agnostic / university ecosystem,Pre-seed | Seed,Investment,US$220K day-one capital + accelerator benefits/perks,$200K uncapped MFN SAFE + $20K Post-Money CEA for 5% common; side letter includes pro-rata and other rights,Hybrid,In person,To confirm,Recheck next cycle,—,https://www.techstars.com/accelerators/columbus,https://www.techstars.com/accelerators/columbus,https://www.techstars.com/investment-terms,2026-09-06,High,47,220000,USD,Published initial amount / range minimum
techstars-future-of-food-powered-by-ecolab-de8ce6c9,Techstars Future of Food powered by Ecolab,Techstars,Founder Program / Other,North America,US,Food / agtech / sustainability,Pre-seed | Seed,Investment,US$220K day-one capital + accelerator benefits/perks,$200K uncapped MFN SAFE + $20K Post-Money CEA for 5% common; side letter includes pro-rata and other rights,Hybrid,In person,Closed,"2026 applications closed; cohort starts Sep 8, 2026","Final deadline Jun 10, 2026; Demo Day Dec 10, 2026",https://www.techstars.com/accelerators/future-of-food,https://www.techstars.com/accelerators/future-of-food,https://www.techstars.com/investment-terms,2026-09-06,High,49,220000,USD,Published initial amount / range minimum
techstars-london-accelerator-4af844b1,Techstars London Accelerator,Techstars,Accelerator,Europe,"London, UK",Industry-agnostic,Pre-seed | Seed,Investment,US$220K day-one capital + accelerator benefits/perks,$200K uncapped MFN SAFE + $20K Post-Money CEA for 5% common; side letter includes pro-rata and other rights,Hybrid,In person,Open,Open,"Nov 18, 2026",https://www.techstars.com/accelerators/london,https://www.techstars.com/accelerators/london,https://www.techstars.com/investment-terms,2026-09-06,High,57,220000,USD,Published initial amount / range minimum
techstars-new-york-city-accelerator-6d7b74b4,Techstars New York City Accelerator,Techstars,Accelerator,North America,"New York, US",Industry-agnostic,Pre-seed | Seed,Investment,US$220K day-one capital + accelerator benefits/perks,$200K uncapped MFN SAFE + $20K Post-Money CEA for 5% common; side letter includes pro-rata and other rights,Hybrid,Varies by program,Open,Open,"Nov 18, 2026 final deadline; starts Mar 8, 2027",https://www.techstars.com/accelerators/nyc,https://www.techstars.com/accelerators/nyc,https://www.techstars.com/investment-terms,2026-09-06,High,84,220000,USD,Published initial amount / range minimum
techstars-space-accelerator-361c3108,Techstars Space Accelerator,Techstars,Accelerator,North America,US,Space / aerospace / defense,Pre-seed | Seed,Investment,US$220K day-one capital + accelerator benefits/perks,$200K uncapped MFN SAFE + $20K Post-Money CEA for 5% common; side letter includes pro-rata and other rights,Hybrid,In person,Closed,Closed for current cycle,"Jun 10, 2026",https://www.techstars.com/accelerators/space,https://www.techstars.com/accelerators/space,https://www.techstars.com/investment-terms,2026-09-06,High,81,220000,USD,Published initial amount / range minimum
teleport-silicon-valley-residency-0b551ebd,Teleport Silicon Valley Residency,Teleport,Founder Residency,North America | Global,"San Francisco, US",International founders entering the US,Pre-seed | Seed,Credits / services,No standard investment published,Economics disclosed during selection,In-person residency,Varies by program,Open,Open,Fall 2026 / Sep start,https://teleportsf.com/,https://teleportsf.com/,https://teleportsf.com/,2026-09-06,High,89,,,Not disclosed
tenity-xrpl-accelerator-aa676fae,Tenity XRPL Accelerator,Tenity,Web3 / XRPL Accelerator,Europe | Asia | Global,Hybrid,Fintech / blockchain / XRPL,Pre-seed | Seed,Conditional funding,"Current 2026 program does not guarantee venture funding; investors including Ripple assess startups individually after program. Prior XRPL cohorts have used milestone-based non-dilutive grants, but this should not be assumed for SFIIP 2026.",Joining does not require giving equity. Any later venture investment has separate negotiated terms.,Hybrid,Hybrid,Closed,Closed,"Jul 25, 2026",https://www.tenity.com/,https://www.tenity.com/program/sfiip-2026/,https://www.tenity.com/program/sfiip-2026/,2026-09-06,High,56,,,Not disclosed
the-bridge-by-entrepreneurs-first-a91621d1,The Bridge by Entrepreneurs First,Entrepreneurs First,Founder Residency,North America | Europe,"San Francisco Bay Area, US",Ambitious technical / high-growth founders,Pre-company | Pre-seed,Investment,Up to US$250K initial funding,Program-specific terms; follow-on possible,In-person residency,In person,Open,Open for Winter 2027,Starts Feb 2027,https://www.join-thebridge.com/,https://www.join-thebridge.com/apply,https://apply.joinef.com/,2026-09-06,High,98,250000,USD,Up to
thiel-fellowship-2a39f801,Thiel Fellowship,Thiel Foundation,Founder / Talent Fellowship,Global,Global / no relocation required,Industry-agnostic,Pre-company | Pre-seed,Grant / stipend,US$250K grant,0% equity,Fellowship,Varies by program,Rolling,Open / rolling,No deadline,https://thielfellowship.org/,https://thielfellowship.org/,https://thielfellowship.org/faq,2026-09-06,High,57,250000,USD,Published initial amount / range minimum
third-derivative-dec17656,Third Derivative,RMI / Third Derivative,Global Climate Accelerator,Global,Global / remote,Climate tech,Pre-seed | Seed | Series A | Growth,Credits / services,"18-month virtual accelerator, RMI expertise, corporate partners, investor access, commercialization support",Terms program-specific,Remote cohort,Remote,Open,Open,Recheck,https://third-derivative.org/,https://www.third-derivative.org/startups,https://www.third-derivative.org/startups,2026-09-06,High,49,,,Not disclosed
x-lab-shell-gamechanger-c1b3f795,Tsinghua x-lab × Shell GameChanger Future Energy Accelerator,Tsinghua x-lab / Shell GameChanger,Research / DeepTech Commercialization Accelerator,Asia,China / Tsinghua x-lab,"Future energy, deeptech and the energy transition.",Pre-seed | Seed,Prizes,"Prizes for winners; eligible projects may access seed funding, joint development or other investment opportunities.",No standard equity terms published.,One year of focused acceleration and industrial validation.,Varies by program,Closed,2026 closed,"Aug 20, 2026",https://www.x-lab.tsinghua.edu.cn/,https://www.x-lab.tsinghua.edu.cn/1091/list.htm,https://www.x-lab.tsinghua.edu.cn/1091/list.htm,2026-09-06,High,81,,,Not disclosed
program-1fa88867,TusStar Startup Incubation,TusStar,Incubation Network + Separate Angel Investment,Asia | Global,Beijing and other Chinese cities,Technology startups / local industry priorities.,Pre-seed | Seed,Conditional funding,"Incubation, angel investment, founder training and an open platform. TusStar Ventures and the One Plan initiative select investments separately from incubation and camps.",No single standard deal,"Incubation facilities, founder services and industry resources.",Varies by program,To confirm,Network active; individual incubator intake varies by city/base,Location-specific,https://www.tusstar.com/,https://www.tusstar.com/,https://www.tusstar.com/about,2026-09-06,High,57,,,Not disclosed
usc-and-techstars-accelerator-cf272207,USC and Techstars Accelerator,Techstars,Accelerator,North America,"Los Angeles, US",AI / deep tech / health / media / engineering,Pre-seed | Seed,Investment,US$220K day-one capital + accelerator benefits/perks,$200K uncapped MFN SAFE + $20K Post-Money CEA for 5% common; side letter includes pro-rata and other rights,In-person,In person,Open,Open,"Nov 18, 2026 final deadline; starts Mar 8, 2027",https://www.techstars.com/accelerators/usc-and-techstars,https://www.techstars.com/accelerators/usc-and-techstars,https://www.techstars.com/investment-terms,2026-09-06,High,86,220000,USD,Published initial amount / range minimum
wa-government-nature-tech-accelerator-23d286e6,WA Government Nature Tech Accelerator,Founders Factory,Climate / Nature Tech Accelerator,Oceania | Global,Perth & global,Climate / nature tech,Pre-seed | Seed,Investment,Investment / support,Terms program-specific,Hybrid,Hybrid,Open,Open,Current,https://foundersfactory.com/,https://foundersfactory.com/western-australia-government-nature-tech-accelerator/,https://foundersfactory.com/western-australia-government-nature-tech-accelerator/,2026-09-06,High,57,,,Not disclosed
western-balkans-accelerator-20c3d31c,Western Balkans Accelerator,Startup Wise Guys,Accelerator,Europe,Kosovo / North Macedonia,B2B / early traction,Pre-seed | Seed,Conditional funding,Opportunity for €50K convertible,Terms program-specific,Hybrid,In person,Open,Open,2026 applications open,https://westernbalkanaccelerator.com/,https://westernbalkanaccelerator.com/,https://westernbalkanaccelerator.com/,2026-09-06,High,55,50000,EUR,Up to
xbotpark-593119a9,XbotPark Startup Incubation,XbotPark Robotics Base,Robotics / Hardware Incubation Ecosystem,Asia,"Songshan Lake, Dongguan","Robotics, intelligent hardware, embodied AI and deeptech.",Pre-company | Pre-seed | Seed,Conditional funding,Investment and incubation support; investment amounts depend on the project.,Terms vary by project,Long-term incubation and industry ecosystem.,Varies by program,Rolling,Open / rolling project submission,Startup submissions accepted on an ongoing basis.,https://www.xbotpark.com/,https://www.xbotpark.com/innovation/,https://www.xbotpark.com/innovation/,2026-09-06,High,95,,,Not disclosed
2026-783b4dc4,Xiamen Torch Founder Camp 2026,Xiamen Torch High-tech Zone / Xiamen High-tech Innovation Angels,HardTech Commercialization Camp,Asia,Xiamen / China-wide recruitment,"AI, semiconductors, advanced manufacturing, new energy, biomedicine and other deep technologies.",Pre-seed | Series A,Conditional funding,Program free + RMB10K scholarship for ≥90% course completion; strong projects can receive RMB5M–50M direct equity investment opportunities,Not a standard equity accelerator; investment decisions are separate.,"Selection, mentorship, investor connections and industry collaboration.",Varies by program,To confirm,2026 active/current official page,China-wide recruitment for 2026; consult the application page for deadlines.,https://www.xmgxt.com/Camp/home,https://www.xmgxt.com/Camp/home,https://www.xmgxt.com/Camp/info,2026-09-06,High,57,,,Not disclosed
y-combinator-fd002d99,Y Combinator,Y Combinator,Accelerator,North America,"San Francisco, US",Industry-agnostic,Pre-company | Pre-seed | Seed,Investment,US$500K,$125K for 7% + $375K uncapped MFN SAFE,In-person,In person,Open,Late applications accepted,Fall 2026 late applications,https://www.ycombinator.com/,https://www.ycombinator.com/apply,https://www.ycombinator.com/apply,2026-09-06,High,98,500000,USD,Published initial amount / range minimum
z-fellows-18baf8c6,Z Fellows,Z Fellows,Founder / Talent Fellowship,North America | Global,Remote + Silicon Valley / New York network,"Technical builders across AI, enterprise, defense, healthcare, biotech, clima...",Pre-company | Pre-seed,Investment,US$10K optional investment,"Investment is optional. The optional $10K converts at a $1B valuation cap in the next priced round, according to the official terms.",Short fellowship,In person,Rolling,Open / rolling,No deadline; multiple cohorts per year,https://www.zfellows.com/,https://www.zfellows.com/,https://www.zfellows.com/,2026-09-06,High,62,10000,USD,Published initial cash; excludes conditional follow-on and non-cash benefits
zebox-maritime-logistics-accelerator-partnership-73cdd630,ZEBOX Maritime & Logistics Accelerator Partnership,Founders Factory,Accelerator,Global,Global,Maritime / logistics,Pre-seed | Seed,Investment,"Commercial pilots, CMA CGM access, market-entry and fundraising support; investment opportunities through FF ecosystem",No single standardized deal publicly stated on current page,Hybrid,Varies by program,Open,Open,Current applications open,https://foundersfactory.com/accelerator/,https://foundersfactory.com/zebox-maritime-logistics-accelerator/,https://foundersfactory.com/zebox-maritime-logistics-accelerator/,2026-09-06,High,57,,,Not disclosed
